{"mean":{"confidence_interval":{"confidence_level":0.95,"lower_bound":85682.05265744409,"upper_bound":87523.65483190291},"point_estimate":86549.05463681935,"standard_error":470.9620585717856},"median":{"confidence_interval":{"confidence_level":0.95,"lower_bound":84134.26967592593,"upper_bound":85371.5925925926},"point_estimate":85050.80170527671,"standard_error":317.2090958762236},"median_abs_dev":{"confidence_interval":{"confidence_level":0.95,"lower_bound":1392.3904682158327,"upper_bound":2948.0982032834345},"point_estimate":2456.250614636081,"standard_error":405.05756672806206},"slope":{"confidence_interval":{"confidence_level":0.95,"lower_bound":85754.85675055847,"upper_bound":87744.93734504133},"point_estimate":86674.27672331412,"standard_error":509.97873809876876},"std_dev":{"confidence_interval":{"confidence_level":0.95,"lower_bound":3491.250865821642,"upper_bound":5927.087891957928},"point_estimate":4737.075580333248,"standard_error":626.1815244517461}}